   0x66, 0x90, 0x90, 0x66, 0x90,
                0x41, 0xC6, 0x04, 0x24, 0x01,
                0x41, 0xC6, 0x44, 0x24, 0x02, 0x01,
                0x41, 0xC6, 0x44, 0x24, 0x03, 0x01,
                0x41, 0xC6, 0x44, 0x24 ,0x04, 0x00,
                0x90, 0x90, 0x90, 0x90, 0x90, 0x90, 0x90, 0x90, 0x90,  
                0x41, 0xC7, 0x44, 0x24, 0x0C, 0xCD, 0xCC, 0xCC, 0x3E,  
                0x41, 0xC6, 0x44, 0x24 ,0x05, 0x05, 
                0x41, 0x80, 0xBE, 0x74, 0x05, 0x00, 0x00, 0x0B,  
                0x75, 0x13,
                0x41, 0xC6, 0x44, 0x24 ,0x05, 0x04,
                0x4C, 0x8D, 0x9C, 0x24, 0xD0, 0x00, 0x00, 0x00,
